Mean Absolute Percentage Error,Mean Absolute Error,Root Mean Squared Error,Spearman Coefficient
0.03544160145521935,147.3097601536459,168.58417348343644,0.9112487100103198
